"file","seqnames","start","end","width","strand","id","freq","RefCount","VarCount","VarAllele","varAllele","CDSLOC.start","CDSLOC.end","CDSLOC.width","PROTEINLOC","QUERYID","TXID","CDSID","GENEID","CONSEQUENCE","REFCODON","VARCODON","REFAA","VARAA","aachange","change"
"22763_8.bam.vcf","K03455.1",1143,1143,1,"+","single run","82.61%","40","209","+CAA","+CAA",354,354,1,118,183,"1",1,"gag","not translated","GCA","GC+CAA","","","118","gag_118"
"22763_8.bam.vcf","K03455.1",1156,1156,1,"+","single run","50%","0","239","-GACACAGCAATC","-GACACAGCAATC",367,367,1,123,188,"1",1,"gag","not translated","GGA","-GACACAGCAATCGA","","","123","gag_123"
"22763_8.bam.vcf","K03455.1",1896,1896,1,"+","single run","79.71%","42","165","-GTA","-GTA",1107,1107,1,369,295,"1",1,"gag","not translated","CAA","CA-GTA","","","369","gag_369"
"22763_8.bam.vcf","K03455.1",1904,1904,1,"+","single run","99.39%","0","163","-TT","-TT",1115,1115,1,372,297,"1",1,"gag","not translated","AAT","A-TTT","","","372","gag_372"
"22763_8.bam.vcf","K03455.1",1909,1909,1,"+","single run","100%","0","161","-C","-C",1120,1120,1,374,299,"1",1,"gag","not translated","GCT","-CCT","","","374","gag_374"
"22763_8.bam.vcf","K03455.1",2149,2149,1,"+","single run","6.52%","256","18","+TGCCAACAGCCCCACTAG","+TGCCAACAGCCCCACTAG",1360,1360,1,454,355,"1",1,"gag","not translated","GAG","+TGCCAACAGCCCCACTAGAG","","","454","gag_454"
"22763_8.bam.vcf","K03455.1",2154,2154,1,"+","single run","2.16%","272","6","+GCAGCCCCACTAGAGCCA","+GCAGCCCCACTAGAGCCA",1365,1365,1,455,358,"1",1,"gag","not translated","CCA","CC+GCAGCCCCACTAGAGCCA","","","455","gag_455"
"22763_8.bam.vcf","K03455.1",2164,2164,1,"+","single run","38.66%","159","104","+TAGAGCCAACAGCCCCAC","+TAGAGCCAACAGCCCCAC",1375,1375,1,459,359,"1",1,"gag","not translated","CCA","+TAGAGCCAACAGCCCCACCA","","","459","gag_459"
"22763_8.bam.vcf","K03455.1",2182,2182,1,"+","single run","98.45%","2","191","-CTGGGG","-CTGGGG",1393,1393,1,465,364,"1",1,"gag","not translated","TCT","-CTGGGGCT","","","465","gag_465"
"22763_8.bam.vcf","K03455.1",2236,2236,1,"+","single run","98.44%","0","63","-TGTATC","-TGTATC",1447,1447,1,483,386,"1",1,"gag","not translated","CTG","-TGTATCTG","","","483","gag_483"
"22763_8.bam.vcf","K03455.1",2357,2357,1,"+","single run","62.95%","108","192","+GAA","+GAA",105,105,1,35,417,"2",2,"protease","not translated","GAA","GA+GAA","","","35","protease_35"
"22763_8.bam.vcf","K03455.1",5773,5773,1,"+","single run","100%","0","181","-T","-T",291,291,1,97,1038,"7",8,"vpr","not translated","TTT","TT-T","","","97","vpr_97"
"22763_8.bam.vcf","K03455.1",6082,6082,1,"+","single run","95.45%","1","42","-GCA","-GCA",26,26,1,9,1079,"10",11,"vpu","not translated","TAG","T-GCAG","","","9","vpu_9"
"22763_8.bam.vcf","K03455.1",6252,6252,1,"+","single run","97.26%","2","71","-TGT","-TGT",196,196,1,66,1117,"10",11:12,"vpu","not translated","TTG","-TGTTG","","","66","vpu_66"
"22763_8.bam.vcf","K03455.1",6252,6252,1,"+","single run","97.26%","2","71","-TGT","-TGT",28,28,1,10,1117,"11",11:12,"env","not translated","TTG","-TGTTG","","","10","env_10"
"22763_8.bam.vcf","K03455.1",6290,6290,1,"+","single run","50.59%","0","43","-GGGATGTTGATGATC","-GGGATGTTGATGATC",234,234,1,78,1132,"10",11:12,"vpu","not translated","CTT","CT-GGGATGTTGATGATC","","","78","vpu_78"
"22763_8.bam.vcf","K03455.1",6290,6290,1,"+","single run","50.59%","0","43","-GGGATGTTGATGATC","-GGGATGTTGATGATC",66,66,1,22,1132,"11",11:12,"env","not translated","CTT","CT-GGGATGTTGATGATC","","","22","env_22"
"22763_8.bam.vcf","K03455.1",6405,6405,1,"+","single run","17.98%","73","16","-AT","-AT",181,181,1,61,1152,"11",12,"env","not translated","TAT","-ATAT","","","61","env_61"
"22763_8.bam.vcf","K03455.1",6660,6660,1,"+","single run","95.12%","0","39","+C","+C",436,436,1,146,1223,"11",12,"env","not translated","AGA","+CGA","","","146","env_146"
"22763_8.bam.vcf","K03455.1",6672,6672,1,"+","single run","50%","0","40","-A","-A",448,448,1,150,1231,"11",12,"env","not translated","GAG","-AAG","","","150","env_150"
"22763_8.bam.vcf","K03455.1",6794,6794,1,"+","single run","58.33%","1","14","+AGTAGCAACAGCGGCACA","+AGTAGCAACAGCGGCACA",570,570,1,190,1283,"11",12,"env","not translated","AGC","AG+AGTAGCAACAGCGGCACA","","","190","env_190"
"22763_8.bam.vcf","K03455.1",7150,7150,1,"+","single run","100%","0","38","-CCAGAG","-CCAGAG",926,926,1,309,1352,"11",12,"env","not translated","ATC","A-CCAGAGC","","","309","env_309"
"22763_8.bam.vcf","K03455.1",7186,7186,1,"+","single run","95.24%","0","40","+TGA","+TGA",962,962,1,321,1363,"11",12,"env","not translated","GGA","G+TGAA","","","321","env_321"
"22763_8.bam.vcf","K03455.1",7285,7285,1,"+","single run","49.73%","0","92","-AAA","-AAA",1061,1061,1,354,1394,"11",12,"env","not translated","GGA","G-AAAA","","","354","env_354"
"22763_8.bam.vcf","K03455.1",7605,7605,1,"+","single run","63.64%","0","14","+TTACCC","+TTACCC",1381,1381,1,461,1453,"11",12,"env","not translated","AGC","+TTACCCGC","","","461","env_461"
"22763_8.bam.vcf","K03455.1",7624,7624,1,"+","single run","95.24%","1","20","+GCTCAATGAGAC","+GCTCAATGAGAC",1400,1400,1,467,1460,"11",12,"env","not translated","ATC","A+GCTCAATGAGACC","","","467","env_467"
"22763_8.bam.vcf","K03455.1",8078,8078,1,"+","single run","100%","0","76","-CT","-CT",1854,1854,1,618,1513,"11",12,"env","not translated","TCT","TC-CT","","","618","env_618"
"22763_8.bam.vcf","K03455.1",8089,8089,1,"+","single run","98.72%","0","77","+AT","+AT",1865,1865,1,622,1516,"11",12,"env","not translated","ATT","A+ATT","","","622","env_622"
"22763_8.bam.vcf","K03455.1",8865,8865,1,"+","single run","48.98%","0","24","+AGACCAGCAGTAGAGAGAACTAGGCCAGCAGCAGAGGAAGCA","+AGACCAGCAGTAGAGAGAACTAGGCCAGCAGCAGAGGAAGCA",69,69,1,23,1691,"12",15,"nef","not translated","GCT","GC+AGACCAGCAGTAGAGAGAACTAGGCCAGCAGCAGAGGAAGCA","","","23","nef_23"
"22763_8.bam.vcf","K03455.1",8992,8992,1,"+","single run","97.87%","0","138","+AAGAAG","+AAGAAG",196,196,1,66,1726,"12",15,"nef","not translated","GTG","+AAGAAGTG","","","66","nef_66"
